{
  "accuracy": 0.7920727745289149,
  "balanced_accuracy": 0.7832852406250749,
  "macro_f1": 0.7853016854072286,
  "weighted_f1": 0.7908463807521212,
  "f1_per_class": [
    0.9298245614035088,
    0.75,
    0.7017543859649122,
    0.9763779527559056,
    0.8114285714285714,
    0.8540540540540541,
    0.821917808219178,
    0.6666666666666666,
    0.6818181818181818,
    0.7659574468085106,
    0.813953488372093,
    0.7194244604316546,
    0.8247422680412371,
    0.5217391304347826,
    0.6614173228346457,
    0.9333333333333333,
    0.8414634146341463,
    0.6222222222222222,
    0.9739130434782609,
    0.7191011235955056,
    0.717391304347826,
    0.8177777777777778,
    0.875,
    0.8518518518518519,
    0.7794117647058824
  ],
  "classification_report": {
    "Achaemenid architecture": {
      "precision": 0.9814814814814815,
      "recall": 0.8833333333333333,
      "f1-score": 0.9298245614035088,
      "support": 60.0
    },
    "American Foursquare architecture": {
      "precision": 0.7368421052631579,
      "recall": 0.7636363636363637,
      "f1-score": 0.75,
      "support": 55.0
    },
    "American craftsman style": {
      "precision": 0.6896551724137931,
      "recall": 0.7142857142857143,
      "f1-score": 0.7017543859649122,
      "support": 56.0
    },
    "Ancient Egyptian architecture": {
      "precision": 0.9538461538461539,
      "recall": 1.0,
      "f1-score": 0.9763779527559056,
      "support": 62.0
    },
    "Art Deco architecture": {
      "precision": 0.797752808988764,
      "recall": 0.8255813953488372,
      "f1-score": 0.8114285714285714,
      "support": 86.0
    },
    "Art Nouveau architecture": {
      "precision": 0.8586956521739131,
      "recall": 0.8494623655913979,
      "f1-score": 0.8540540540540541,
      "support": 93.0
    },
    "Baroque architecture": {
      "precision": 0.7792207792207793,
      "recall": 0.8695652173913043,
      "f1-score": 0.821917808219178,
      "support": 69.0
    },
    "Bauhaus architecture": {
      "precision": 0.6666666666666666,
      "recall": 0.6666666666666666,
      "f1-score": 0.6666666666666666,
      "support": 48.0
    },
    "Beaux-Arts architecture": {
      "precision": 0.6716417910447762,
      "recall": 0.6923076923076923,
      "f1-score": 0.6818181818181818,
      "support": 65.0
    },
    "Byzantine architecture": {
      "precision": 0.782608695652174,
      "recall": 0.75,
      "f1-score": 0.7659574468085106,
      "support": 48.0
    },
    "Chicago school architecture": {
      "precision": 0.813953488372093,
      "recall": 0.813953488372093,
      "f1-score": 0.813953488372093,
      "support": 43.0
    },
    "Colonial architecture": {
      "precision": 0.746268656716418,
      "recall": 0.6944444444444444,
      "f1-score": 0.7194244604316546,
      "support": 72.0
    },
    "Deconstructivism": {
      "precision": 0.8695652173913043,
      "recall": 0.7843137254901961,
      "f1-score": 0.8247422680412371,
      "support": 51.0
    },
    "Edwardian architecture": {
      "precision": 0.6666666666666666,
      "recall": 0.42857142857142855,
      "f1-score": 0.5217391304347826,
      "support": 42.0
    },
    "Georgian architecture": {
      "precision": 0.6086956521739131,
      "recall": 0.7241379310344828,
      "f1-score": 0.6614173228346457,
      "support": 58.0
    },
    "Gothic architecture": {
      "precision": 0.9074074074074074,
      "recall": 0.9607843137254902,
      "f1-score": 0.9333333333333333,
      "support": 51.0
    },
    "Greek Revival architecture": {
      "precision": 0.8117647058823529,
      "recall": 0.8734177215189873,
      "f1-score": 0.8414634146341463,
      "support": 79.0
    },
    "International style": {
      "precision": 0.5915492957746479,
      "recall": 0.65625,
      "f1-score": 0.6222222222222222,
      "support": 64.0
    },
    "Novelty architecture": {
      "precision": 0.9824561403508771,
      "recall": 0.9655172413793104,
      "f1-score": 0.9739130434782609,
      "support": 58.0
    },
    "Palladian architecture": {
      "precision": 0.8648648648648649,
      "recall": 0.6153846153846154,
      "f1-score": 0.7191011235955056,
      "support": 52.0
    },
    "Postmodern architecture": {
      "precision": 0.7674418604651163,
      "recall": 0.673469387755102,
      "f1-score": 0.717391304347826,
      "support": 49.0
    },
    "Queen Anne architecture": {
      "precision": 0.7931034482758621,
      "recall": 0.8440366972477065,
      "f1-score": 0.8177777777777778,
      "support": 109.0
    },
    "Romanesque architecture": {
      "precision": 0.84,
      "recall": 0.9130434782608695,
      "f1-score": 0.875,
      "support": 46.0
    },
    "Russian Revival architecture": {
      "precision": 0.8518518518518519,
      "recall": 0.8518518518518519,
      "f1-score": 0.8518518518518519,
      "support": 54.0
    },
    "Tudor Revival architecture": {
      "precision": 0.7910447761194029,
      "recall": 0.7681159420289855,
      "f1-score": 0.7794117647058824,
      "support": 69.0
    },
    "accuracy": 0.7920727745289149,
    "macro avg": {
      "precision": 0.7930018135625775,
      "recall": 0.7832852406250749,
      "f1-score": 0.7853016854072286,
      "support": 1539.0
    },
    "weighted avg": {
      "precision": 0.794352350897831,
      "recall": 0.7920727745289149,
      "f1-score": 0.7908463807521212,
      "support": 1539.0
    }
  },
  "method": "weighted_probability_averaging",
  "weights": {
    "convnext_small_finetune": 2.0,
    "swin_s_finetune": 1.5,
    "vit_b16_finetune": 1.25,
    "resnet50_finetune": 1.0,
    "efficientnet_b0_finetune": 0.75
  },
  "models": [
    "convnext_small_finetune",
    "swin_s_finetune",
    "vit_b16_finetune",
    "resnet50_finetune",
    "efficientnet_b0_finetune"
  ]
}