{
  "xgboost": {
    "accuracy": 0.30409356725146197,
    "balanced_accuracy": 0.28929780409544714,
    "macro_f1": 0.2888086874928551,
    "weighted_f1": 0.2940221491394032
  },
  "lightgbm": {
    "accuracy": 0.29564652371669914,
    "balanced_accuracy": 0.279054307801525,
    "macro_f1": 0.2828317338618276,
    "weighted_f1": 0.28935001509043834
  }
}