{
  "accuracy": 0.29564652371669914,
  "balanced_accuracy": 0.279054307801525,
  "macro_f1": 0.2828317338618276,
  "weighted_f1": 0.28935001509043834,
  "classification_report": {
    "Achaemenid architecture": {
      "precision": 0.45161290322580644,
      "recall": 0.4666666666666667,
      "f1-score": 0.45901639344262296,
      "support": 60.0
    },
    "American Foursquare architecture": {
      "precision": 0.21621621621621623,
      "recall": 0.14545454545454545,
      "f1-score": 0.17391304347826086,
      "support": 55.0
    },
    "American craftsman style": {
      "precision": 0.28888888888888886,
      "recall": 0.23214285714285715,
      "f1-score": 0.25742574257425743,
      "support": 56.0
    },
    "Ancient Egyptian architecture": {
      "precision": 0.7358490566037735,
      "recall": 0.6290322580645161,
      "f1-score": 0.6782608695652174,
      "support": 62.0
    },
    "Art Deco architecture": {
      "precision": 0.21487603305785125,
      "recall": 0.3023255813953488,
      "f1-score": 0.25120772946859904,
      "support": 86.0
    },
    "Art Nouveau architecture": {
      "precision": 0.2585034013605442,
      "recall": 0.40860215053763443,
      "f1-score": 0.31666666666666665,
      "support": 93.0
    },
    "Baroque architecture": {
      "precision": 0.24705882352941178,
      "recall": 0.30434782608695654,
      "f1-score": 0.2727272727272727,
      "support": 69.0
    },
    "Bauhaus architecture": {
      "precision": 0.36666666666666664,
      "recall": 0.22916666666666666,
      "f1-score": 0.28205128205128205,
      "support": 48.0
    },
    "Beaux-Arts architecture": {
      "precision": 0.22413793103448276,
      "recall": 0.2,
      "f1-score": 0.21138211382113822,
      "support": 65.0
    },
    "Byzantine architecture": {
      "precision": 0.22580645161290322,
      "recall": 0.14583333333333334,
      "f1-score": 0.17721518987341772,
      "support": 48.0
    },
    "Chicago school architecture": {
      "precision": 0.41935483870967744,
      "recall": 0.3023255813953488,
      "f1-score": 0.35135135135135137,
      "support": 43.0
    },
    "Colonial architecture": {
      "precision": 0.1774193548387097,
      "recall": 0.1527777777777778,
      "f1-score": 0.16417910447761194,
      "support": 72.0
    },
    "Deconstructivism": {
      "precision": 0.3157894736842105,
      "recall": 0.23529411764705882,
      "f1-score": 0.2696629213483146,
      "support": 51.0
    },
    "Edwardian architecture": {
      "precision": 0.3333333333333333,
      "recall": 0.07142857142857142,
      "f1-score": 0.11764705882352941,
      "support": 42.0
    },
    "Georgian architecture": {
      "precision": 0.14583333333333334,
      "recall": 0.1206896551724138,
      "f1-score": 0.1320754716981132,
      "support": 58.0
    },
    "Gothic architecture": {
      "precision": 0.30303030303030304,
      "recall": 0.19607843137254902,
      "f1-score": 0.23809523809523808,
      "support": 51.0
    },
    "Greek Revival architecture": {
      "precision": 0.2823529411764706,
      "recall": 0.3037974683544304,
      "f1-score": 0.2926829268292683,
      "support": 79.0
    },
    "International style": {
      "precision": 0.25,
      "recall": 0.21875,
      "f1-score": 0.23333333333333334,
      "support": 64.0
    },
    "Novelty architecture": {
      "precision": 0.509090909090909,
      "recall": 0.4827586206896552,
      "f1-score": 0.49557522123893805,
      "support": 58.0
    },
    "Palladian architecture": {
      "precision": 0.25,
      "recall": 0.23076923076923078,
      "f1-score": 0.24,
      "support": 52.0
    },
    "Postmodern architecture": {
      "precision": 0.3157894736842105,
      "recall": 0.24489795918367346,
      "f1-score": 0.27586206896551724,
      "support": 49.0
    },
    "Queen Anne architecture": {
      "precision": 0.2925531914893617,
      "recall": 0.5045871559633027,
      "f1-score": 0.37037037037037035,
      "support": 109.0
    },
    "Romanesque architecture": {
      "precision": 0.16216216216216217,
      "recall": 0.13043478260869565,
      "f1-score": 0.14457831325301204,
      "support": 46.0
    },
    "Russian Revival architecture": {
      "precision": 0.3125,
      "recall": 0.37037037037037035,
      "f1-score": 0.3389830508474576,
      "support": 54.0
    },
    "Tudor Revival architecture": {
      "precision": 0.3076923076923077,
      "recall": 0.34782608695652173,
      "f1-score": 0.32653061224489793,
      "support": 69.0
    },
    "accuracy": 0.29564652371669914,
    "macro avg": {
      "precision": 0.30426071977686137,
      "recall": 0.279054307801525,
      "f1-score": 0.2828317338618276,
      "support": 1539.0
    },
    "weighted avg": {
      "precision": 0.30016175046935284,
      "recall": 0.29564652371669914,
      "f1-score": 0.28935001509043834,
      "support": 1539.0
    }
  }
}