{
  "accuracy": 0.30409356725146197,
  "balanced_accuracy": 0.28929780409544714,
  "macro_f1": 0.2888086874928551,
  "weighted_f1": 0.2940221491394032,
  "classification_report": {
    "Achaemenid architecture": {
      "precision": 0.4025974025974026,
      "recall": 0.5166666666666667,
      "f1-score": 0.45255474452554745,
      "support": 60.0
    },
    "American Foursquare architecture": {
      "precision": 0.175,
      "recall": 0.12727272727272726,
      "f1-score": 0.14736842105263157,
      "support": 55.0
    },
    "American craftsman style": {
      "precision": 0.3541666666666667,
      "recall": 0.30357142857142855,
      "f1-score": 0.3269230769230769,
      "support": 56.0
    },
    "Ancient Egyptian architecture": {
      "precision": 0.7090909090909091,
      "recall": 0.6290322580645161,
      "f1-score": 0.6666666666666666,
      "support": 62.0
    },
    "Art Deco architecture": {
      "precision": 0.22,
      "recall": 0.2558139534883721,
      "f1-score": 0.23655913978494625,
      "support": 86.0
    },
    "Art Nouveau architecture": {
      "precision": 0.2916666666666667,
      "recall": 0.45161290322580644,
      "f1-score": 0.35443037974683544,
      "support": 93.0
    },
    "Baroque architecture": {
      "precision": 0.20930232558139536,
      "recall": 0.2608695652173913,
      "f1-score": 0.23225806451612904,
      "support": 69.0
    },
    "Bauhaus architecture": {
      "precision": 0.41935483870967744,
      "recall": 0.2708333333333333,
      "f1-score": 0.3291139240506329,
      "support": 48.0
    },
    "Beaux-Arts architecture": {
      "precision": 0.22448979591836735,
      "recall": 0.16923076923076924,
      "f1-score": 0.19298245614035087,
      "support": 65.0
    },
    "Byzantine architecture": {
      "precision": 0.3076923076923077,
      "recall": 0.16666666666666666,
      "f1-score": 0.21621621621621623,
      "support": 48.0
    },
    "Chicago school architecture": {
      "precision": 0.45714285714285713,
      "recall": 0.37209302325581395,
      "f1-score": 0.41025641025641024,
      "support": 43.0
    },
    "Colonial architecture": {
      "precision": 0.20754716981132076,
      "recall": 0.1527777777777778,
      "f1-score": 0.176,
      "support": 72.0
    },
    "Deconstructivism": {
      "precision": 0.28888888888888886,
      "recall": 0.2549019607843137,
      "f1-score": 0.2708333333333333,
      "support": 51.0
    },
    "Edwardian architecture": {
      "precision": 0.3,
      "recall": 0.07142857142857142,
      "f1-score": 0.11538461538461539,
      "support": 42.0
    },
    "Georgian architecture": {
      "precision": 0.15789473684210525,
      "recall": 0.10344827586206896,
      "f1-score": 0.125,
      "support": 58.0
    },
    "Gothic architecture": {
      "precision": 0.24390243902439024,
      "recall": 0.19607843137254902,
      "f1-score": 0.21739130434782608,
      "support": 51.0
    },
    "Greek Revival architecture": {
      "precision": 0.25555555555555554,
      "recall": 0.2911392405063291,
      "f1-score": 0.27218934911242604,
      "support": 79.0
    },
    "International style": {
      "precision": 0.23404255319148937,
      "recall": 0.171875,
      "f1-score": 0.1981981981981982,
      "support": 64.0
    },
    "Novelty architecture": {
      "precision": 0.4852941176470588,
      "recall": 0.5689655172413793,
      "f1-score": 0.5238095238095238,
      "support": 58.0
    },
    "Palladian architecture": {
      "precision": 0.27906976744186046,
      "recall": 0.23076923076923078,
      "f1-score": 0.25263157894736843,
      "support": 52.0
    },
    "Postmodern architecture": {
      "precision": 0.3235294117647059,
      "recall": 0.22448979591836735,
      "f1-score": 0.26506024096385544,
      "support": 49.0
    },
    "Queen Anne architecture": {
      "precision": 0.2978723404255319,
      "recall": 0.5137614678899083,
      "f1-score": 0.3771043771043771,
      "support": 109.0
    },
    "Romanesque architecture": {
      "precision": 0.15384615384615385,
      "recall": 0.13043478260869565,
      "f1-score": 0.1411764705882353,
      "support": 46.0
    },
    "Russian Revival architecture": {
      "precision": 0.36065573770491804,
      "recall": 0.4074074074074074,
      "f1-score": 0.3826086956521739,
      "support": 54.0
    },
    "Tudor Revival architecture": {
      "precision": 0.2967032967032967,
      "recall": 0.391304347826087,
      "f1-score": 0.3375,
      "support": 69.0
    },
    "accuracy": 0.30409356725146197,
    "macro avg": {
      "precision": 0.30621223755654103,
      "recall": 0.28929780409544714,
      "f1-score": 0.2888086874928551,
      "support": 1539.0
    },
    "weighted avg": {
      "precision": 0.30166195667051116,
      "recall": 0.30409356725146197,
      "f1-score": 0.2940221491394032,
      "support": 1539.0
    }
  }
}