{
  "train_loss": [
    1.9531181664134933,
    1.6233145300790153,
    1.5176125089529886,
    1.4441363542985295,
    1.4055209006032636,
    1.366362977985885,
    1.325248472219682,
    1.3121860702630148,
    1.286608979873355,
    1.2620974389185795,
    1.2364415902503143,
    1.2165185712998914,
    1.2026898653141576,
    1.1786517095080054,
    1.172665294780526,
    1.1585804601813954,
    1.151859541835256,
    1.1402780897683455,
    1.1311200153510585,
    1.120951360001966,
    1.1251285296074738,
    1.1125174009941632,
    1.1034208263592593,
    1.1097210408201579,
    1.1049459328001072
  ],
  "train_acc": [
    0.49971703452178834,
    0.622524052065648,
    0.6675155631013017,
    0.702037351443124,
    0.7174589700056593,
    0.7290605546123373,
    0.7481607243916242,
    0.7531126202603282,
    0.7621675155631012,
    0.7734861346915677,
    0.7832484436898698,
    0.7985285795132994,
    0.7983870967741935,
    0.8115449915110357,
    0.8128183361629882,
    0.8193265421618563,
    0.8237125070741369,
    0.8305036785512168,
    0.8275325410299943,
    0.8341822297679683,
    0.8401245048104131,
    0.838568194680249,
    0.8409734012450482,
    0.8447934352009054,
    0.8459252971137521
  ],
  "val_loss": [
    1.6737105061175181,
    1.5640132677349279,
    1.5111727591054849,
    1.4746698554293567,
    1.4441595242159617,
    1.4216187593946419,
    1.4209878726467826,
    1.4062375485659595,
    1.3942803049467474,
    1.3801339644676502,
    1.3894850159704606,
    1.363434762752072,
    1.3637146509659401,
    1.370693473068683,
    1.3657839997989407,
    1.360205342253524,
    1.3643571478753767,
    1.3614284672426828,
    1.3539138660329588,
    1.3513624467064502,
    1.352869062626346,
    1.3496885576729438,
    1.3491286891073504,
    1.3498225810518303,
    1.3495634854393967
  ],
  "val_acc": [
    0.5942895086321381,
    0.650066401062417,
    0.6766268260292164,
    0.6972111553784861,
    0.7058432934926959,
    0.7091633466135459,
    0.7317397078353254,
    0.7317397078353254,
    0.7377158034528553,
    0.7337317397078353,
    0.7324037184594954,
    0.7403718459495352,
    0.7470119521912351,
    0.7357237715803453,
    0.7470119521912351,
    0.750996015936255,
    0.7529880478087649,
    0.750332005312085,
    0.7569721115537849,
    0.751660026560425,
    0.7569721115537849,
    0.7543160690571049,
    0.7596281540504648,
    0.7589641434262948,
    0.7596281540504648
  ]
}