{
  "train_loss": [
    2.4970446016131382,
    2.0150432967168164,
    1.9031822271919143,
    1.8051961455968524,
    1.7459223351373332,
    1.706105008797249,
    1.6794215889387234,
    1.6411136180988866,
    1.591152283992886,
    1.5926417818026282,
    1.5573596934106435,
    1.5372197296097243,
    1.5435699078074672,
    1.5125522537965457,
    1.5103959929288682,
    1.4880715991118971,
    1.4765309819273849,
    1.471212751661645,
    1.4629529561440555,
    1.4603789400501175,
    1.4592094865301335,
    1.4485830572546035,
    1.4410623174369437,
    1.454725992025193,
    1.4436373906278583
  ],
  "train_acc": [
    0.3409734012450481,
    0.4840124504810413,
    0.5257498585172609,
    0.5633842671194115,
    0.5913978494623656,
    0.6039898132427843,
    0.6103565365025467,
    0.6325693265421618,
    0.6485568760611206,
    0.6512450481041313,
    0.6692133559705716,
    0.6707696661007357,
    0.6694963214487832,
    0.680531975099038,
    0.6816638370118846,
    0.69199207696661,
    0.6898698358800226,
    0.6989247311827957,
    0.7024617996604414,
    0.7055744199207696,
    0.6982173174872666,
    0.7095359366157329,
    0.7122241086587436,
    0.7034521788341822,
    0.7054329371816639
  ],
  "val_loss": [
    1.9700119951331758,
    1.7939605779381862,
    1.7236046488699843,
    1.6802342061502524,
    1.6528464332519774,
    1.6421142454008024,
    1.61271762246313,
    1.5998581630458553,
    1.5814019250046527,
    1.5765246067389074,
    1.5527856172635102,
    1.5485850982615355,
    1.5431294491883134,
    1.5432404838551879,
    1.540334166441939,
    1.5374804033859475,
    1.5298892409994624,
    1.530758944798909,
    1.5280682806316441,
    1.522473428195533,
    1.5209244226871101,
    1.5219063299743936,
    1.5202232648335288,
    1.517250714390718,
    1.51374898615428
  ],
  "val_acc": [
    0.5212483399734396,
    0.5770252324037185,
    0.6095617529880478,
    0.6215139442231076,
    0.6228419654714475,
    0.6314741035856574,
    0.6440903054448871,
    0.6520584329349269,
    0.648074369189907,
    0.6646746347941567,
    0.6673306772908366,
    0.6759628154050464,
    0.6779548472775564,
    0.6733067729083665,
    0.6739707835325365,
    0.6719787516600265,
    0.6772908366533864,
    0.6759628154050464,
    0.6772908366533864,
    0.6799468791500664,
    0.6852589641434262,
    0.6806108897742363,
    0.6792828685258964,
    0.6826029216467463,
    0.6806108897742363
  ]
}