{
  "accuracy": 0.7953216374269005,
  "balanced_accuracy": 0.7872624059636759,
  "macro_f1": 0.7891595613881179,
  "weighted_f1": 0.7943233109267113,
  "f1_per_class": [
    0.9391304347826087,
    0.7652173913043478,
    0.7586206896551724,
    0.9841269841269841,
    0.8181818181818182,
    0.8369565217391305,
    0.8163265306122449,
    0.6595744680851063,
    0.6717557251908397,
    0.7741935483870968,
    0.7954545454545454,
    0.723404255319149,
    0.8333333333333334,
    0.5428571428571428,
    0.656,
    0.9433962264150944,
    0.8414634146341463,
    0.6222222222222222,
    0.9649122807017544,
    0.7555555555555555,
    0.6881720430107527,
    0.8266666666666667,
    0.875,
    0.8518518518518519,
    0.7846153846153846
  ],
  "classification_report": {
    "Achaemenid architecture": {
      "precision": 0.9818181818181818,
      "recall": 0.9,
      "f1-score": 0.9391304347826087,
      "support": 60.0
    },
    "American Foursquare architecture": {
      "precision": 0.7333333333333333,
      "recall": 0.8,
      "f1-score": 0.7652173913043478,
      "support": 55.0
    },
    "American craftsman style": {
      "precision": 0.7333333333333333,
      "recall": 0.7857142857142857,
      "f1-score": 0.7586206896551724,
      "support": 56.0
    },
    "Ancient Egyptian architecture": {
      "precision": 0.96875,
      "recall": 1.0,
      "f1-score": 0.9841269841269841,
      "support": 62.0
    },
    "Art Deco architecture": {
      "precision": 0.8,
      "recall": 0.8372093023255814,
      "f1-score": 0.8181818181818182,
      "support": 86.0
    },
    "Art Nouveau architecture": {
      "precision": 0.8461538461538461,
      "recall": 0.8279569892473119,
      "f1-score": 0.8369565217391305,
      "support": 93.0
    },
    "Baroque architecture": {
      "precision": 0.7692307692307693,
      "recall": 0.8695652173913043,
      "f1-score": 0.8163265306122449,
      "support": 69.0
    },
    "Bauhaus architecture": {
      "precision": 0.6739130434782609,
      "recall": 0.6458333333333334,
      "f1-score": 0.6595744680851063,
      "support": 48.0
    },
    "Beaux-Arts architecture": {
      "precision": 0.6666666666666666,
      "recall": 0.676923076923077,
      "f1-score": 0.6717557251908397,
      "support": 65.0
    },
    "Byzantine architecture": {
      "precision": 0.8,
      "recall": 0.75,
      "f1-score": 0.7741935483870968,
      "support": 48.0
    },
    "Chicago school architecture": {
      "precision": 0.7777777777777778,
      "recall": 0.813953488372093,
      "f1-score": 0.7954545454545454,
      "support": 43.0
    },
    "Colonial architecture": {
      "precision": 0.7391304347826086,
      "recall": 0.7083333333333334,
      "f1-score": 0.723404255319149,
      "support": 72.0
    },
    "Deconstructivism": {
      "precision": 0.8888888888888888,
      "recall": 0.7843137254901961,
      "f1-score": 0.8333333333333334,
      "support": 51.0
    },
    "Edwardian architecture": {
      "precision": 0.6785714285714286,
      "recall": 0.4523809523809524,
      "f1-score": 0.5428571428571428,
      "support": 42.0
    },
    "Georgian architecture": {
      "precision": 0.6119402985074627,
      "recall": 0.7068965517241379,
      "f1-score": 0.656,
      "support": 58.0
    },
    "Gothic architecture": {
      "precision": 0.9090909090909091,
      "recall": 0.9803921568627451,
      "f1-score": 0.9433962264150944,
      "support": 51.0
    },
    "Greek Revival architecture": {
      "precision": 0.8117647058823529,
      "recall": 0.8734177215189873,
      "f1-score": 0.8414634146341463,
      "support": 79.0
    },
    "International style": {
      "precision": 0.5915492957746479,
      "recall": 0.65625,
      "f1-score": 0.6222222222222222,
      "support": 64.0
    },
    "Novelty architecture": {
      "precision": 0.9821428571428571,
      "recall": 0.9482758620689655,
      "f1-score": 0.9649122807017544,
      "support": 58.0
    },
    "Palladian architecture": {
      "precision": 0.8947368421052632,
      "recall": 0.6538461538461539,
      "f1-score": 0.7555555555555555,
      "support": 52.0
    },
    "Postmodern architecture": {
      "precision": 0.7272727272727273,
      "recall": 0.6530612244897959,
      "f1-score": 0.6881720430107527,
      "support": 49.0
    },
    "Queen Anne architecture": {
      "precision": 0.8017241379310345,
      "recall": 0.8532110091743119,
      "f1-score": 0.8266666666666667,
      "support": 109.0
    },
    "Romanesque architecture": {
      "precision": 0.84,
      "recall": 0.9130434782608695,
      "f1-score": 0.875,
      "support": 46.0
    },
    "Russian Revival architecture": {
      "precision": 0.8518518518518519,
      "recall": 0.8518518518518519,
      "f1-score": 0.8518518518518519,
      "support": 54.0
    },
    "Tudor Revival architecture": {
      "precision": 0.8360655737704918,
      "recall": 0.7391304347826086,
      "f1-score": 0.7846153846153846,
      "support": 69.0
    },
    "accuracy": 0.7953216374269005,
    "macro avg": {
      "precision": 0.7966282761345878,
      "recall": 0.7872624059636759,
      "f1-score": 0.7891595613881179,
      "support": 1539.0
    },
    "weighted avg": {
      "precision": 0.7980541334092655,
      "recall": 0.7953216374269005,
      "f1-score": 0.7943233109267113,
      "support": 1539.0
    }
  },
  "method": "weighted_probability_averaging",
  "weights": {
    "convnext_small_finetune": 3.0,
    "swin_s_finetune": 2.0,
    "vit_b16_finetune": 0.5,
    "resnet50_finetune": 0.5,
    "efficientnet_b0_finetune": 0.25
  },
  "models": [
    "convnext_small_finetune",
    "swin_s_finetune",
    "vit_b16_finetune",
    "resnet50_finetune",
    "efficientnet_b0_finetune"
  ]
}