{
  "train_loss": [
    1.913436054441304,
    1.553216198978953,
    1.446177494681077,
    1.3736919051992333,
    1.3226993632438024,
    1.2852691805963132,
    1.2356757815436044,
    1.19775047083662,
    1.1599499852763913,
    1.1386309623313475,
    1.109273640969141,
    1.0799053339345617,
    1.0675912903201195,
    1.0434460634556475,
    1.0225354777127251,
    1.0125476722334088,
    1.0130468365089598,
    0.996532925927983,
    0.9844212408921242,
    0.9759341596410176,
    0.968964647862219,
    0.9660166218649147,
    0.9701538362540831,
    0.9568438172407857,
    0.9628398658599163
  ],
  "train_acc": [
    0.5171194114318053,
    0.6546406338426712,
    0.7031692133559706,
    0.7273627617430674,
    0.7532541029994341,
    0.762450481041313,
    0.7882003395585738,
    0.8088568194680249,
    0.8208828522920204,
    0.827815506508206,
    0.8411148839841539,
    0.8556876061120543,
    0.8619128466327108,
    0.8740803621958121,
    0.8820033955857386,
    0.8818619128466327,
    0.8858234295415959,
    0.8950198075834748,
    0.8964346349745331,
    0.9011035653650254,
    0.9054895302773062,
    0.9060554612337295,
    0.9049235993208828,
    0.9090265987549518,
    0.9070458404074703
  ],
  "val_loss": [
    1.5949340132603131,
    1.5287624084617037,
    1.4921506257012862,
    1.449187592760342,
    1.4616190297986724,
    1.422819366176448,
    1.4049465047569072,
    1.4034001335679773,
    1.3911889359295606,
    1.4047729462424756,
    1.3827870227742796,
    1.3823605918314352,
    1.3695150241750487,
    1.3688545702779753,
    1.377439572991603,
    1.3754674614188205,
    1.3519794991608476,
    1.3616220400152927,
    1.3549241824137421,
    1.354887379513952,
    1.3521426430103156,
    1.3499582071861582,
    1.349838183458108,
    1.3490568173834052,
    1.3487762117765814
  ],
  "val_acc": [
    0.6440903054448871,
    0.6792828685258964,
    0.6932270916334662,
    0.7164674634794157,
    0.7084993359893759,
    0.7237715803452855,
    0.7330677290836654,
    0.7383798140770252,
    0.7443559096945551,
    0.748339973439575,
    0.7470119521912351,
    0.7616201859229748,
    0.7576361221779548,
    0.7583001328021248,
    0.7596281540504648,
    0.7529880478087649,
    0.7589641434262948,
    0.7629482071713147,
    0.7636122177954847,
    0.7656042496679947,
    0.7622841965471447,
    0.7689243027888446,
    0.7682602921646746,
    0.7669322709163346,
    0.7675962815405046
  ]
}