{
  "Achaemenid architecture": {
    "precision": 0.8524590163934426,
    "recall": 0.8666666666666667,
    "f1-score": 0.859504132231405,
    "support": 60.0
  },
  "American Foursquare architecture": {
    "precision": 0.42857142857142855,
    "recall": 0.4909090909090909,
    "f1-score": 0.4576271186440678,
    "support": 55.0
  },
  "American craftsman style": {
    "precision": 0.37254901960784315,
    "recall": 0.3392857142857143,
    "f1-score": 0.35514018691588783,
    "support": 56.0
  },
  "Ancient Egyptian architecture": {
    "precision": 0.9322033898305084,
    "recall": 0.8870967741935484,
    "f1-score": 0.9090909090909091,
    "support": 62.0
  },
  "Art Deco architecture": {
    "precision": 0.49523809523809526,
    "recall": 0.6046511627906976,
    "f1-score": 0.5445026178010471,
    "support": 86.0
  },
  "Art Nouveau architecture": {
    "precision": 0.686046511627907,
    "recall": 0.6344086021505376,
    "f1-score": 0.659217877094972,
    "support": 93.0
  },
  "Baroque architecture": {
    "precision": 0.6025641025641025,
    "recall": 0.6811594202898551,
    "f1-score": 0.6394557823129252,
    "support": 69.0
  },
  "Bauhaus architecture": {
    "precision": 0.5434782608695652,
    "recall": 0.5208333333333334,
    "f1-score": 0.5319148936170213,
    "support": 48.0
  },
  "Beaux-Arts architecture": {
    "precision": 0.45614035087719296,
    "recall": 0.4,
    "f1-score": 0.4262295081967213,
    "support": 65.0
  },
  "Byzantine architecture": {
    "precision": 0.6521739130434783,
    "recall": 0.625,
    "f1-score": 0.6382978723404256,
    "support": 48.0
  },
  "Chicago school architecture": {
    "precision": 0.5,
    "recall": 0.5813953488372093,
    "f1-score": 0.5376344086021505,
    "support": 43.0
  },
  "Colonial architecture": {
    "precision": 0.3684210526315789,
    "recall": 0.2916666666666667,
    "f1-score": 0.32558139534883723,
    "support": 72.0
  },
  "Deconstructivism": {
    "precision": 0.6296296296296297,
    "recall": 0.6666666666666666,
    "f1-score": 0.6476190476190476,
    "support": 51.0
  },
  "Edwardian architecture": {
    "precision": 0.37037037037037035,
    "recall": 0.23809523809523808,
    "f1-score": 0.2898550724637681,
    "support": 42.0
  },
  "Georgian architecture": {
    "precision": 0.5,
    "recall": 0.3620689655172414,
    "f1-score": 0.42,
    "support": 58.0
  },
  "Gothic architecture": {
    "precision": 0.7884615384615384,
    "recall": 0.803921568627451,
    "f1-score": 0.7961165048543689,
    "support": 51.0
  },
  "Greek Revival architecture": {
    "precision": 0.5420560747663551,
    "recall": 0.7341772151898734,
    "f1-score": 0.6236559139784946,
    "support": 79.0
  },
  "International style": {
    "precision": 0.5,
    "recall": 0.46875,
    "f1-score": 0.4838709677419355,
    "support": 64.0
  },
  "Novelty architecture": {
    "precision": 0.8936170212765957,
    "recall": 0.7241379310344828,
    "f1-score": 0.8,
    "support": 58.0
  },
  "Palladian architecture": {
    "precision": 0.42857142857142855,
    "recall": 0.34615384615384615,
    "f1-score": 0.3829787234042553,
    "support": 52.0
  },
  "Postmodern architecture": {
    "precision": 0.4666666666666667,
    "recall": 0.42857142857142855,
    "f1-score": 0.44680851063829785,
    "support": 49.0
  },
  "Queen Anne architecture": {
    "precision": 0.639344262295082,
    "recall": 0.7155963302752294,
    "f1-score": 0.6753246753246753,
    "support": 109.0
  },
  "Romanesque architecture": {
    "precision": 0.6458333333333334,
    "recall": 0.6739130434782609,
    "f1-score": 0.6595744680851063,
    "support": 46.0
  },
  "Russian Revival architecture": {
    "precision": 0.6666666666666666,
    "recall": 0.7407407407407407,
    "f1-score": 0.7017543859649122,
    "support": 54.0
  },
  "Tudor Revival architecture": {
    "precision": 0.527027027027027,
    "recall": 0.5652173913043478,
    "f1-score": 0.5454545454545454,
    "support": 69.0
  },
  "accuracy": 0.5854450942170241,
  "macro avg": {
    "precision": 0.5795235664127935,
    "recall": 0.575643325831125,
    "f1-score": 0.5742883807090311,
    "support": 1539.0
  },
  "weighted avg": {
    "precision": 0.5827545929988374,
    "recall": 0.5854450942170241,
    "f1-score": 0.5807503868893958,
    "support": 1539.0
  }
}