{
  "train_loss": [
    2.3084452834315536,
    1.7331005221514224,
    1.583238041124306,
    1.503789683958873,
    1.4439663204285946,
    1.3878366136254061,
    1.3550911285678884,
    1.354534145054604,
    1.3396101156465738,
    1.321384861432838,
    1.298652104084682,
    1.289719434430792,
    1.2950590815527936,
    1.2751926570945227,
    1.2859369972430856
  ],
  "train_acc": [
    0.35908319185059423,
    0.4951895868704018,
    0.5205149971703452,
    0.541312959818902,
    0.5578664402942841,
    0.5790888511601585,
    0.5875778155065082,
    0.5817770232031693,
    0.5928126768534239,
    0.593520090548953,
    0.5922467458970005,
    0.6041312959818902,
    0.6133276740237691,
    0.6048387096774194,
    0.6028579513299378
  ],
  "val_loss": [
    1.7740065012953354,
    1.5700155048573001,
    1.4872508879360133,
    1.4479087088133393,
    1.4220706789023372,
    1.3946876709917153,
    1.3841380038426059,
    1.3636709986771562,
    1.357915011990276,
    1.3540168798579322,
    1.342930455606772,
    1.3497102967652668,
    1.3417537836320848,
    1.3426597501889643,
    1.3437378663782422
  ],
  "val_acc": [
    0.5152722443559097,
    0.5451527224435591,
    0.5551128818061088,
    0.5610889774236387,
    0.5710491367861886,
    0.5683930942895087,
    0.5763612217795485,
    0.5929614873837982,
    0.5803452855245684,
    0.5883134130146083,
    0.5929614873837982,
    0.5869853917662683,
    0.5869853917662683,
    0.5869853917662683,
    0.5883134130146083
  ]
}