{
  "train_loss": [
    2.3795485712406523,
    1.9123766929602717,
    1.7817013674559536,
    1.7076198074462796,
    1.6434126410972756,
    1.5772845045482633,
    1.5365576445887705,
    1.4931740318237892,
    1.4535430467391863,
    1.4127338438568375,
    1.3803192898588932,
    1.3284982369319827,
    1.3091138985849196,
    1.2731779512201384,
    1.2534108778549307,
    1.2422112743936828,
    1.2240072728957438,
    1.216200789018209,
    1.2039918303827006,
    1.1863931928169411,
    1.1749001759624642,
    1.1784158876944748,
    1.173378776208654,
    1.1695962119520755,
    1.176558333058511
  ],
  "train_acc": [
    0.3607809847198642,
    0.5209394453876627,
    0.576117713638936,
    0.6041312959818902,
    0.6295981890209394,
    0.6539332201471421,
    0.6622807017543859,
    0.6784097340124505,
    0.7084040747028862,
    0.7192982456140351,
    0.7306168647425014,
    0.7580645161290323,
    0.7627334465195246,
    0.7729202037351444,
    0.7821165817770233,
    0.7870684776457272,
    0.7958404074702886,
    0.8005093378607809,
    0.8061686474250142,
    0.8145161290322581,
    0.8146576117713639,
    0.812110922467459,
    0.8169213355970572,
    0.8203169213355971,
    0.8075834748160724
  ],
  "val_loss": [
    1.8625466092174272,
    1.810980686628486,
    1.7283696969983429,
    1.6743153814933849,
    1.7033406655943568,
    1.6250708611362958,
    1.6055530232104014,
    1.584504028557148,
    1.5867220028779738,
    1.5250230684065091,
    1.5672448444493106,
    1.5366372653687617,
    1.5058173553877143,
    1.5148744657536743,
    1.4855029427831075,
    1.501254981574151,
    1.489456267312545,
    1.4822254750833093,
    1.486363894119364,
    1.4655939753786975,
    1.4644098535160304,
    1.4656529382247216,
    1.4605220139897361,
    1.468658063199574,
    1.4616503569867665
  ],
  "val_acc": [
    0.5391766268260292,
    0.5876494023904383,
    0.6088977423638778,
    0.6308100929614874,
    0.6235059760956175,
    0.6454183266932271,
    0.6540504648074369,
    0.6613545816733067,
    0.6792828685258964,
    0.6872509960159362,
    0.6826029216467463,
    0.6985391766268261,
    0.7084993359893759,
    0.6985391766268261,
    0.7111553784860558,
    0.7151394422310757,
    0.7091633466135459,
    0.7118193891102258,
    0.7177954847277557,
    0.7177954847277557,
    0.7144754316069057,
    0.7118193891102258,
    0.7151394422310757,
    0.7118193891102258,
    0.7151394422310757
  ]
}