{
  "difficulty": {
    "Achaemenid architecture": 0.910147495531665,
    "American Foursquare architecture": 0.6836657255145074,
    "American craftsman style": 0.6270474492098174,
    "Ancient Egyptian architecture": 0.9614333074397784,
    "Art Deco architecture": 0.6946453024636621,
    "Art Nouveau architecture": 0.7684509841193937,
    "Baroque architecture": 0.7374812860488286,
    "Bauhaus architecture": 0.5952431133043072,
    "Beaux-Arts architecture": 0.5732100775542074,
    "Byzantine architecture": 0.73171633611859,
    "Chicago school architecture": 0.7047212511264092,
    "Colonial architecture": 0.5389572280916622,
    "Deconstructivism": 0.784027474803961,
    "Edwardian architecture": 0.41549277158665926,
    "Georgian architecture": 0.5610135935183406,
    "Gothic architecture": 0.8914437019291389,
    "Greek Revival architecture": 0.780611376299006,
    "International style": 0.5924483856938938,
    "Novelty architecture": 0.9198034857009691,
    "Palladian architecture": 0.6289633867276887,
    "Postmodern architecture": 0.5893745176784303,
    "Queen Anne architecture": 0.7921734701212886,
    "Romanesque architecture": 0.7949481160253004,
    "Russian Revival architecture": 0.8028782210636977,
    "Tudor Revival architecture": 0.7413913895994835
  },
  "shap_importance": {
    "vegetation_ratio": 0.5265430808067322,
    "wall_mean_hue": 0.5174311995506287,
    "color_entropy": 0.3907800614833832,
    "sky_ratio": 0.3703736364841461,
    "vertical_symmetry": 0.3231738209724426,
    "wall_mean_val": 0.31276631355285645,
    "horizontal_symmetry": 0.31202471256256104,
    "wall_mean_sat": 0.29526299238204956,
    "wall_std_hue": 0.2706170976161957,
    "other_ratio": 0.26964202523231506,
    "ground_ratio": 0.24267344176769257,
    "wall_ratio": 0.23296648263931274,
    "vegetation_to_building": 0.23077541589736938,
    "building_ratio": 0.1658833622932434,
    "balcony_ratio": 0.09335102140903473,
    "column_ratio": 0.09222619980573654,
    "sky_to_total": 0.07710804790258408,
    "roof_ratio": 0.015167070552706718,
    "roof_to_wall": 0.011858061887323856,
    "roof_mean_val": 0.010656663216650486,
    "door_ratio": 0.009882098995149136,
    "roof_mean_sat": 0.008637654595077038,
    "roof_mean_hue": 0.008611432276666164,
    "door_to_wall": 0.00523601658642292,
    "window_ratio": 0.005205335561186075,
    "roof_std_hue": 0.004692926537245512,
    "glass_to_wall": 0.00429227389395237,
    "avg_window_area": 0.0011551789939403534,
    "window_regularity": 0.0006387315806932747,
    "window_count": 0.00010000238398788497
  }
}